"first_seen_utc","ioc_id","ioc_value","ioc_type","threat_type","fk_malware","malware_alias","malware_printable","last_seen_utc","confidence_level","reference","tags","anonymous","reporter"
"2026-02-18 04:02:15","""1750187""","""16.79.104.189:51039""","""ip:port""","""botnet_cc""","""win.meterpreter""","""None""","""Meterpreter""","""""","""100""","""False""","""https://search.censys.io/hosts/16.79.104.189""","""AMAZON-02","AS16509"
"2026-02-18 04:02:14","""1750185""","""3.149.237.64:53088""","""ip:port""","""botnet_cc""","""win.meterpreter""","""None""","""Meterpreter""","""""","""100""","""False""","""https://search.censys.io/hosts/3.149.237.64""","""AMAZON-02","AS16509"
"2026-02-18 04:02:14","""1750186""","""168.245.203.173:3790""","""ip:port""","""botnet_cc""","""win.meterpreter""","""None""","""Meterpreter""","""""","""100""","""False""","""https://search.censys.io/hosts/168.245.203.173""","""AS58580","C2"
"2026-02-18 04:02:13","""1750184""","""3.149.237.64:32638""","""ip:port""","""botnet_cc""","""win.meterpreter""","""None""","""Meterpreter""","""""","""100""","""False""","""https://search.censys.io/hosts/3.149.237.64""","""AMAZON-02","AS16509"
"2026-02-18 04:01:27","""1750183""","""178.128.9.221:443""","""ip:port""","""botnet_cc""","""win.sliver""","""None""","""Sliver""","""""","""100""","""False""","""https://search.censys.io/hosts/178.128.9.221""","""AS14061","C2"
"2026-02-18 04:01:22","""1750181""","""45.11.88.42:5555""","""ip:port""","""botnet_cc""","""win.remcos""","""RemcosRAT","Remvio","Socmer""","""Remcos""","""""","""100""","""False""","""https://search.censys.io/hosts/45.11.88.42"""
"2026-02-18 04:01:22","""1750182""","""27.102.102.170:443""","""ip:port""","""botnet_cc""","""win.remcos""","""RemcosRAT","Remvio","Socmer""","""Remcos""","""""","""100""","""False""","""https://search.censys.io/hosts/27.102.102.170"""
"2026-02-18 04:01:21","""1750179""","""149.50.96.57:80""","""ip:port""","""botnet_cc""","""win.remcos""","""RemcosRAT","Remvio","Socmer""","""Remcos""","""""","""100""","""False""","""https://search.censys.io/hosts/149.50.96.57"""
"2026-02-18 04:01:21","""1750180""","""45.11.88.42:2323""","""ip:port""","""botnet_cc""","""win.remcos""","""RemcosRAT","Remvio","Socmer""","""Remcos""","""""","""100""","""False""","""https://search.censys.io/hosts/45.11.88.42"""
"2026-02-18 04:01:20","""1750178""","""193.142.146.9:2404""","""ip:port""","""botnet_cc""","""win.remcos""","""RemcosRAT","Remvio","Socmer""","""Remcos""","""""","""100""","""False""","""https://search.censys.io/hosts/193.142.146.9"""
"2026-02-18 03:00:22","""1750175""","""212.38.88.137:7070""","""ip:port""","""botnet_cc""","""win.venom""","""None""","""Venom RAT""","""2026-02-18 04:01:47""","""100""","""False""","""https://search.censys.io/hosts/212.38.88.137""","""AS215238","C2"
"2026-02-18 03:00:21","""1750174""","""185.196.10.153:80""","""ip:port""","""botnet_cc""","""win.havoc""","""Havokiz""","""Havoc""","""2026-02-18 04:01:46""","""100""","""False""","""https://search.censys.io/hosts/185.196.10.153""","""AS42624","C2"
"2026-02-18 03:00:19","""1750173""","""200.109.215.214:443""","""ip:port""","""botnet_cc""","""win.quasar_rat""","""CinaRAT","QuasarRAT","Yggdrasil""","""Quasar RAT""","""2026-02-18 04:01:45""","""100""","""False""","""https://search.censys.io/hosts/200.109.215.214"""
"2026-02-18 03:00:17","""1750172""","""16.58.46.80:80""","""ip:port""","""botnet_cc""","""unknown""","""None""","""Unknown malware""","""2026-02-18 04:01:42""","""100""","""False""","""https://search.censys.io/hosts/16.58.46.80""","""AS16509","C2"
"2026-02-18 00:02:38","""1750153""","""54.246.13.29:443""","""ip:port""","""botnet_cc""","""win.bianlian""","""None""","""BianLian""","""2026-02-18 03:00:51""","""100""","""False""","""https://search.censys.io/hosts/54.246.13.29""","""AMAZON-02","AS16509"
"2026-02-18 00:02:31","""1750151""","""43.210.161.136:13676""","""ip:port""","""botnet_cc""","""win.meterpreter""","""None""","""Meterpreter""","""""","""100""","""False""","""https://search.censys.io/hosts/43.210.161.136""","""AMAZON-02","AS16509"
"2026-02-18 00:02:31","""1750152""","""175.41.229.219:6006""","""ip:port""","""botnet_cc""","""win.meterpreter""","""None""","""Meterpreter""","""""","""100""","""False""","""https://search.censys.io/hosts/175.41.229.219""","""AMAZON-02","AS16509"
"2026-02-18 00:02:30","""1750150""","""56.68.116.159:8808""","""ip:port""","""botnet_cc""","""win.meterpreter""","""None""","""Meterpreter""","""""","""100""","""False""","""https://search.censys.io/hosts/56.68.116.159""","""AMAZON-02","AS16509"
"2026-02-18 00:02:29","""1750149""","""199.101.111.182:3790""","""ip:port""","""botnet_cc""","""win.meterpreter""","""None""","""Meterpreter""","""""","""100""","""False""","""https://search.censys.io/hosts/199.101.111.182""","""AS58580","C2"
"2026-02-18 00:02:25","""1750148""","""144.172.107.162:4321""","""ip:port""","""botnet_cc""","""win.adaptix_c2""","""None""","""AdaptixC2""","""""","""100""","""False""","""https://search.censys.io/hosts/144.172.107.162""","""AdaptixC2","AS14956"
"2026-02-18 00:02:03","""1750147""","""128.90.115.176:4433""","""ip:port""","""botnet_cc""","""win.dcrat""","""DarkCrystal RAT""","""DCRat""","""2026-02-18 03:00:24""","""100""","""False""","""https://search.censys.io/hosts/128.90.115.176""","""AS40861","C2"
"2026-02-18 00:01:38","""1750146""","""165.227.242.98:443""","""ip:port""","""botnet_cc""","""win.sliver""","""None""","""Sliver""","""2026-02-18 03:00:10""","""100""","""False""","""https://search.censys.io/hosts/165.227.242.98""","""AS14061","C2"
"2026-02-18 00:01:30","""1750145""","""193.26.115.167:1000""","""ip:port""","""botnet_cc""","""win.remcos""","""RemcosRAT","Remvio","Socmer""","""Remcos""","""""","""100""","""False""","""https://search.censys.io/hosts/193.26.115.167"""
"2026-02-18 00:01:27","""1750144""","""139.28.219.40:2404""","""ip:port""","""botnet_cc""","""win.remcos""","""RemcosRAT","Remvio","Socmer""","""Remcos""","""""","""100""","""False""","""https://search.censys.io/hosts/139.28.219.40"""
"2026-02-17 23:40:06","""1750137""","""209.54.101.177:2404""","""ip:port""","""botnet_cc""","""win.remcos""","""RemcosRAT","Remvio","Socmer""","""Remcos""","""2026-02-17 23:49:03""","""100""","""False""","""None"""
"2026-02-17 23:00:49","""1750130""","""150.139.132.244:10001""","""ip:port""","""botnet_cc""","""win.extreme_rat""","""ExtRat""","""Xtreme RAT""","""""","""100""","""False""","""https://search.censys.io/hosts/150.139.132.244""","""AS136195","C2"
"2026-02-17 23:00:32","""1750129""","""69.167.11.146:443""","""ip:port""","""botnet_cc""","""win.dcrat""","""DarkCrystal RAT""","""DCRat""","""2026-02-18 00:02:02""","""100""","""False""","""https://search.censys.io/hosts/69.167.11.146""","""AS40861","C2"
"2026-02-17 23:00:29","""1750128""","""35.173.190.86:443""","""ip:port""","""botnet_cc""","""win.havoc""","""Havokiz""","""Havoc""","""2026-02-18 00:01:58""","""100""","""False""","""https://search.censys.io/hosts/35.173.190.86""","""AS14618","C2"
"2026-02-17 23:00:26","""1750126""","""37.148.133.242:1080""","""ip:port""","""botnet_cc""","""win.quasar_rat""","""CinaRAT","QuasarRAT","Yggdrasil""","""Quasar RAT""","""2026-02-18 00:01:56""","""100""","""False""","""https://search.censys.io/hosts/37.148.133.242"""
"2026-02-17 23:00:14","""1750125""","""4.246.90.81:443""","""ip:port""","""botnet_cc""","""win.sliver""","""None""","""Sliver""","""2026-02-18 00:01:35""","""90""","""False""","""https://search.censys.io/hosts/4.246.90.81""","""AS8075","C2"
"2026-02-17 23:00:08","""1750123""","""43.134.163.224:4444""","""ip:port""","""botnet_cc""","""win.asyncrat""","""None""","""AsyncRAT""","""""","""100""","""False""","""https://tria.ge/260217-ygkxcsbt6b""","""AsyncRAT""","""0"""
"2026-02-17 23:00:07","""1750120""","""103.165.81.230:8848""","""ip:port""","""botnet_cc""","""win.asyncrat""","""None""","""AsyncRAT""","""""","""100""","""False""","""https://tria.ge/260217-ygkxcsbt6b""","""AsyncRAT""","""0"""
"2026-02-17 23:00:07","""1750121""","""193.161.193.99:60470""","""ip:port""","""botnet_cc""","""win.asyncrat""","""None""","""AsyncRAT""","""""","""100""","""False""","""https://tria.ge/260217-ygkxcsbt6b""","""AsyncRAT""","""0"""
"2026-02-17 23:00:07","""1750122""","""193.161.193.99:64425""","""ip:port""","""botnet_cc""","""win.asyncrat""","""None""","""AsyncRAT""","""""","""100""","""False""","""https://tria.ge/260217-ygkxcsbt6b""","""AsyncRAT""","""0"""
"2026-02-17 20:02:32","""1750089""","""155.117.40.221:8080""","""ip:port""","""botnet_cc""","""win.empire_downloader""","""None""","""Empire Downloader""","""""","""100""","""False""","""https://search.censys.io/hosts/155.117.40.221""","""AS32097","C2"
"2026-02-17 20:02:27","""1750088""","""45.114.61.57:443""","""ip:port""","""botnet_cc""","""win.meterpreter""","""None""","""Meterpreter""","""""","""100""","""False""","""https://search.censys.io/hosts/45.114.61.57""","""AS216154","C2"
"2026-02-17 20:02:22","""1750087""","""38.127.8.3:4444""","""ip:port""","""botnet_cc""","""win.adaptix_c2""","""None""","""AdaptixC2""","""""","""100""","""False""","""https://search.censys.io/hosts/38.127.8.3""","""AdaptixC2","AS44259"
"2026-02-17 20:01:55","""1750086""","""157.245.38.61:443""","""ip:port""","""botnet_cc""","""win.havoc""","""Havokiz""","""Havoc""","""2026-02-17 23:00:29""","""100""","""False""","""https://search.censys.io/hosts/157.245.38.61""","""AS14061","C2"
"2026-02-17 20:01:49","""1750085""","""207.148.81.32:80""","""ip:port""","""botnet_cc""","""unknown""","""None""","""Unknown malware""","""2026-02-17 23:00:23""","""100""","""False""","""https://search.censys.io/hosts/207.148.81.32""","""AS-VULTR","AS20473"
"2026-02-17 20:01:02","""1750084""","""47.119.178.247:8089""","""ip:port""","""botnet_cc""","""win.cobalt_strike""","""Agentemis","BEACON","CobaltStrike","cobeacon""","""Cobalt Strike""","""2026-02-17 23:00:06""","""100""","""False"""
"2026-02-17 19:11:03","""1750076""","""151.243.109.247:4444""","""ip:port""","""botnet_cc""","""win.quasar_rat""","""CinaRAT","QuasarRAT","Yggdrasil""","""Quasar RAT""","""""","""100""","""False""","""https://tria.ge/260217-snpk8sds9a"""
"2026-02-17 19:00:49","""1750074""","""1.94.166.110:10001""","""ip:port""","""botnet_cc""","""win.extreme_rat""","""ExtRat""","""Xtreme RAT""","""""","""100""","""False""","""https://search.censys.io/hosts/1.94.166.110""","""AS55990","C2"
"2026-02-17 19:00:34","""1750071""","""178.16.55.160:2323""","""ip:port""","""botnet_cc""","""win.asyncrat""","""None""","""AsyncRAT""","""""","""100""","""False""","""https://tria.ge/260217-xb9g4ahy6a""","""AsyncRAT""","""0"""
"2026-02-17 19:00:34","""1750072""","""43.157.1.71:2323""","""ip:port""","""botnet_cc""","""win.asyncrat""","""None""","""AsyncRAT""","""""","""100""","""False""","""https://tria.ge/260217-xb9g4ahy6a""","""AsyncRAT""","""0"""
"2026-02-17 19:00:34","""1750073""","""43.157.1.71:3232""","""ip:port""","""botnet_cc""","""win.asyncrat""","""None""","""AsyncRAT""","""""","""100""","""False""","""https://tria.ge/260217-xb9g4ahy6a""","""AsyncRAT""","""0"""
"2026-02-17 19:00:28","""1750070""","""54.205.232.150:8443""","""ip:port""","""botnet_cc""","""win.havoc""","""Havokiz""","""Havoc""","""2026-02-17 20:01:57""","""100""","""False""","""https://search.censys.io/hosts/54.205.232.150""","""AS14618","C2"
"2026-02-17 19:00:27","""1750069""","""34.205.26.40:8443""","""ip:port""","""botnet_cc""","""win.havoc""","""Havokiz""","""Havoc""","""2026-02-17 20:01:54""","""100""","""False""","""https://search.censys.io/hosts/34.205.26.40""","""AS14618","C2"
"2026-02-17 19:00:26","""1750068""","""100.54.32.98:443""","""ip:port""","""botnet_cc""","""win.havoc""","""Havokiz""","""Havoc""","""2026-02-17 20:01:56""","""100""","""False""","""https://search.censys.io/hosts/100.54.32.98""","""AS14618","C2"
"2026-02-17 19:00:23","""1750067""","""187.209.26.195:4782""","""ip:port""","""botnet_cc""","""win.quasar_rat""","""CinaRAT","QuasarRAT","Yggdrasil""","""Quasar RAT""","""2026-02-17 20:01:52""","""100""","""False""","""https://search.censys.io/hosts/187.209.26.195"""
"2026-02-17 19:00:11","""1750066""","""34.9.91.140:443""","""ip:port""","""botnet_cc""","""win.sliver""","""None""","""Sliver""","""2026-02-17 20:01:28""","""90""","""False""","""https://search.censys.io/hosts/34.9.91.140""","""AS396982","C2"
"2026-02-17 18:48:13","""1750062""","""158.94.210.135:6606""","""ip:port""","""botnet_cc""","""win.asyncrat""","""None""","""AsyncRAT""","""2026-02-18 03:44:25""","""75""","""False""","""None""","""AsyncRAT","drb-ra"
"2026-02-17 15:37:22","""1749965""","""8.7.207.129:443""","""ip:port""","""botnet_cc""","""unknown""","""None""","""Unknown malware""","""""","""50""","""False""","""https://www.shodan.io/host/8.7.207.129#443""","""c2","powersploit"
"2026-02-17 15:37:04","""1749964""","""58.217.132.58:54321""","""ip:port""","""botnet_cc""","""win.extreme_rat""","""ExtRat""","""Xtreme RAT""","""""","""50""","""False""","""https://www.shodan.io/host/58.217.132.58#54321""","""c2","extreme"
"2026-02-17 15:36:10","""1749963""","""81.169.151.12:4443""","""ip:port""","""botnet_cc""","""unknown""","""None""","""Unknown malware""","""""","""50""","""False""","""https://www.shodan.io/host/81.169.151.12#4443""","""c2","shodan"
"2026-02-17 15:35:33","""1749962""","""38.60.220.157:443""","""ip:port""","""botnet_cc""","""win.kimsuky""","""None""","""Kimsuky""","""""","""50""","""False""","""https://www.shodan.io/host/38.60.220.157#443""","""c2","kimsuky"
"2026-02-17 15:35:04","""1749961""","""51.38.220.225:9443""","""ip:port""","""botnet_cc""","""unknown""","""None""","""Unknown malware""","""""","""50""","""False""","""https://www.shodan.io/host/51.38.220.225#9443""","""c2","gophish"
"2026-02-17 15:34:40","""1749960""","""64.176.37.51:31337""","""ip:port""","""botnet_cc""","""win.sliver""","""None""","""Sliver""","""""","""50""","""False""","""https://www.shodan.io/host/64.176.37.51#31337""","""c2","shodan"
"2026-02-17 15:34:39","""1749957""","""46.224.122.140:31337""","""ip:port""","""botnet_cc""","""win.sliver""","""None""","""Sliver""","""""","""50""","""False""","""https://www.shodan.io/host/46.224.122.140#31337""","""c2","shodan"
"2026-02-17 15:34:39","""1749959""","""144.172.116.13:31337""","""ip:port""","""botnet_cc""","""win.sliver""","""None""","""Sliver""","""""","""50""","""False""","""https://www.shodan.io/host/144.172.116.13#31337""","""c2","shodan"
"2026-02-17 15:34:38","""1749955""","""31.45.231.174:31337""","""ip:port""","""botnet_cc""","""win.sliver""","""None""","""Sliver""","""""","""50""","""False""","""https://www.shodan.io/host/31.45.231.174#31337""","""c2","shodan"
"2026-02-17 15:34:38","""1749956""","""202.61.137.217:9002""","""ip:port""","""botnet_cc""","""win.sliver""","""None""","""Sliver""","""""","""50""","""False""","""https://www.shodan.io/host/202.61.137.217#9002""","""c2","shodan"
"2026-02-17 15:34:15","""1749954""","""216.245.184.39:443""","""ip:port""","""botnet_cc""","""win.cobalt_strike""","""Agentemis","BEACON","CobaltStrike","cobeacon""","""Cobalt Strike""","""""","""50""","""False"""
"2026-02-17 15:33:46","""1749953""","""107.173.3.9:1111""","""ip:port""","""botnet_cc""","""win.cobalt_strike""","""Agentemis","BEACON","CobaltStrike","cobeacon""","""Cobalt Strike""","""2026-02-17 15:34:14""","""50""","""False"""
"2026-02-17 15:00:44","""1749945""","""112.87.174.223:10001""","""ip:port""","""botnet_cc""","""win.extreme_rat""","""ExtRat""","""Xtreme RAT""","""""","""100""","""False""","""https://search.censys.io/hosts/112.87.174.223""","""AS140717","C2"
"2026-02-17 15:00:24","""1749944""","""3.237.94.23:8443""","""ip:port""","""botnet_cc""","""win.havoc""","""Havokiz""","""Havoc""","""2026-02-18 03:46:30""","""100""","""False""","""https://search.censys.io/hosts/3.237.94.23""","""AS14618","C2"
"2026-02-17 15:00:22","""1749943""","""193.42.246.38:443""","""ip:port""","""botnet_cc""","""win.quasar_rat""","""CinaRAT","QuasarRAT","Yggdrasil""","""Quasar RAT""","""2026-02-17 16:01:39""","""100""","""False""","""https://search.censys.io/hosts/193.42.246.38"""
"2026-02-17 15:00:08","""1749940""","""104.37.5.228:29810""","""ip:port""","""botnet_cc""","""win.remcos""","""RemcosRAT","Remvio","Socmer""","""Remcos""","""""","""100""","""False""","""None"""
"2026-02-17 15:00:08","""1749941""","""154.219.97.238:5758""","""ip:port""","""botnet_cc""","""win.ghost_rat""","""Farfli","Gh0st RAT","PCRat""","""Ghost RAT""","""2026-02-17 16:01:13""","""75""","""False""","""https://search.censys.io/hosts/154.219.97.238"""
"2026-02-17 14:51:52","""1749938""","""172.104.48.174:8443""","""ip:port""","""botnet_cc""","""win.cobalt_strike""","""Agentemis","BEACON","CobaltStrike","cobeacon""","""Cobalt Strike""","""2026-02-18 03:48:57""","""75""","""False"""
"2026-02-17 14:50:04","""1749937""","""185.237.207.216:80""","""ip:port""","""botnet_cc""","""win.socks5_systemz""","""None""","""Socks5 Systemz""","""""","""100""","""False""","""None""","""Socks5Systemz""","""0"""
"2026-02-17 14:10:29","""1749932""","""194.59.30.30:2017""","""ip:port""","""botnet_cc""","""win.remcos""","""RemcosRAT","Remvio","Socmer""","""Remcos""","""""","""100""","""False""","""https://www.threat.rip/file/0ed5d860252188e9a0d03424029339e214c69bfbc256b705ea212f3bf0a2c9bb/config"""
"2026-02-17 13:20:57","""1749916""","""172.86.113.29:8445""","""ip:port""","""botnet_cc""","""win.resolver_rat""","""PureHVNC","ResolverRAT""","""PureRAT""","""""","""100""","""False""","""https://www.threat.rip/file/4644d33f3c434fb4d8cacac6d8c302eff28b50453e539943d521d16a285a6031/config""","""COLLECTION"
"2026-02-17 13:15:19","""1749920""","""38.246.251.131:6666""","""ip:port""","""botnet_cc""","""win.valley_rat""","""Winos""","""ValleyRAT""","""""","""100""","""False""","""None""","""RAT","ValleyRAT"""
"2026-02-17 12:30:37","""1749859""","""128.0.1.9:9302""","""ip:port""","""botnet_cc""","""win.quasar_rat""","""CinaRAT","QuasarRAT","Yggdrasil""","""Quasar RAT""","""""","""100""","""False""","""https://www.threat.rip/file/f7278de146714fe6f7eda96c380542b340c4d67e9962848ecd6162eadc33f0b6/config"""
"2026-02-17 12:30:32","""1749889""","""80.46.218.20:4444""","""ip:port""","""botnet_cc""","""win.xworm""","""None""","""XWorm""","""""","""100""","""False""","""https://www.threat.rip/file/ca1f1e466be5e3a208c9b65bbdecd272e24004b8ca4adb63be5aa63e0ba318b3/config""","""EXECUTION","RAT"
"2026-02-17 12:02:30","""1749910""","""64.176.37.51:8089""","""ip:port""","""botnet_cc""","""win.cobalt_strike""","""Agentemis","BEACON","CobaltStrike","cobeacon""","""Cobalt Strike""","""""","""100""","""False"""
"2026-02-17 12:02:21","""1749909""","""144.31.221.96:4444""","""ip:port""","""botnet_cc""","""win.adaptix_c2""","""None""","""AdaptixC2""","""""","""100""","""False""","""https://search.censys.io/hosts/144.31.221.96""","""AdaptixC2","AS210457"
"2026-02-17 12:02:17","""1749908""","""193.29.13.97:5885""","""ip:port""","""botnet_cc""","""win.quasar_rat""","""CinaRAT","QuasarRAT","Yggdrasil""","""Quasar RAT""","""2026-02-17 15:00:47""","""100""","""False""","""https://tria.ge/260217-n362lsht4a"""
"2026-02-17 12:01:57","""1749907""","""102.98.120.190:443""","""ip:port""","""botnet_cc""","""win.netsupportmanager_rat""","""NetSupport""","""NetSupportManager RAT""","""2026-02-18 03:43:07""","""100""","""False""","""https://search.censys.io/hosts/102.98.120.190""","""AS36925","ASMedi"
"2026-02-17 12:01:52","""1749906""","""54.209.247.186:443""","""ip:port""","""botnet_cc""","""win.havoc""","""Havokiz""","""Havoc""","""2026-02-18 03:47:23""","""100""","""False""","""https://search.censys.io/hosts/54.209.247.186""","""AMAZON-AES","AS14618"
"2026-02-17 12:01:03","""1749905""","""47.110.69.92:1042""","""ip:port""","""botnet_cc""","""win.cobalt_strike""","""Agentemis","BEACON","CobaltStrike","cobeacon""","""Cobalt Strike""","""2026-02-18 03:49:22""","""100""","""False"""
"2026-02-17 11:17:30","""1749890""","""192.109.200.61:1912""","""ip:port""","""botnet_cc""","""win.redline_stealer""","""RECORDSTEALER""","""RedLine Stealer""","""""","""100""","""False""","""https://x.com/K_N1kolenko/status/2023701586002747825""","""AS51396","c2"
"2026-02-17 11:17:30","""1749891""","""62.164.177.107:15847""","""ip:port""","""botnet_cc""","""win.redline_stealer""","""RECORDSTEALER""","""RedLine Stealer""","""""","""100""","""False""","""https://x.com/K_N1kolenko/status/2023701586002747825""","""AS215929","c2"
"2026-02-17 11:17:30","""1749892""","""184.164.77.50:5775""","""ip:port""","""botnet_cc""","""win.redline_stealer""","""RECORDSTEALER""","""RedLine Stealer""","""""","""100""","""False""","""https://x.com/K_N1kolenko/status/2023701586002747825""","""AS53755","c2"
"2026-02-17 11:00:07","""1749883""","""101.132.167.9:8081""","""ip:port""","""botnet_cc""","""win.cobalt_strike""","""Agentemis","BEACON","CobaltStrike","cobeacon""","""Cobalt Strike""","""2026-02-18 03:48:28""","""100""","""False"""
"2026-02-17 10:53:49","""1749882""","""23.52.4.92:80""","""ip:port""","""botnet_cc""","""win.cobalt_strike""","""Agentemis","BEACON","CobaltStrike","cobeacon""","""Cobalt Strike""","""2026-02-18 03:49:06""","""75""","""False"""
"2026-02-17 10:53:48","""1749881""","""23.52.4.92:443""","""ip:port""","""botnet_cc""","""win.cobalt_strike""","""Agentemis","BEACON","CobaltStrike","cobeacon""","""Cobalt Strike""","""2026-02-18 03:49:06""","""75""","""False"""
"2026-02-17 10:53:13","""1749880""","""119.91.54.176:80""","""ip:port""","""botnet_cc""","""win.cobalt_strike""","""Agentemis","BEACON","CobaltStrike","cobeacon""","""Cobalt Strike""","""2026-02-18 03:48:42""","""75""","""False"""
"2026-02-17 10:53:12","""1749879""","""119.91.54.176:443""","""ip:port""","""botnet_cc""","""win.cobalt_strike""","""Agentemis","BEACON","CobaltStrike","cobeacon""","""Cobalt Strike""","""2026-02-18 03:48:42""","""75""","""False"""
"2026-02-17 08:48:08","""1749854""","""64.225.101.164:2096""","""ip:port""","""botnet_cc""","""win.deimos_c2""","""None""","""DeimosC2""","""2026-02-18 03:47:30""","""75""","""False""","""None""","""Deimos","drb-ra"""
"2026-02-17 08:02:09","""1749850""","""168.245.203.151:3790""","""ip:port""","""botnet_cc""","""win.meterpreter""","""None""","""Meterpreter""","""""","""100""","""False""","""https://search.censys.io/hosts/168.245.203.151""","""AS58580","C2"
"2026-02-17 08:02:02","""1749849""","""23.236.64.238:8080""","""ip:port""","""botnet_cc""","""win.mimikatz""","""None""","""MimiKatz""","""""","""100""","""False""","""https://search.censys.io/hosts/23.236.64.238""","""AS136897","C2"
"2026-02-17 08:01:40","""1749848""","""98.86.172.85:8443""","""ip:port""","""botnet_cc""","""win.havoc""","""Havokiz""","""Havoc""","""2026-02-18 03:48:15""","""100""","""False""","""https://search.censys.io/hosts/98.86.172.85""","""AMAZON-AES","AS14618"
"2026-02-17 08:01:39","""1749847""","""98.87.167.138:8443""","""ip:port""","""botnet_cc""","""win.havoc""","""Havokiz""","""Havoc""","""2026-02-18 03:48:15""","""100""","""False""","""https://search.censys.io/hosts/98.87.167.138""","""AMAZON-AES","AS14618"
"2026-02-17 08:01:35","""1749846""","""95.163.86.204:80""","""ip:port""","""botnet_cc""","""apk.hook""","""None""","""Hook""","""2026-02-17 11:00:19""","""100""","""False""","""https://search.censys.io/hosts/95.163.86.204""","""AS12695","C2"
"2026-02-17 08:01:16","""1749845""","""64.89.163.98:2404""","""ip:port""","""botnet_cc""","""win.remcos""","""RemcosRAT","Remvio","Socmer""","""Remcos""","""2026-02-18 03:47:33""","""100""","""False""","""https://search.censys.io/hosts/64.89.163.98"""
"2026-02-17 07:58:00","""1749839""","""172.86.126.99:443""","""ip:port""","""botnet_cc""","""win.vidar""","""None""","""Vidar""","""""","""100""","""False""","""""","""Vidar""","""0"""
"2026-02-17 07:58:00","""1749840""","""188.245.84.214:443""","""ip:port""","""botnet_cc""","""win.vidar""","""None""","""Vidar""","""""","""100""","""False""","""""","""Vidar""","""0"""
"2026-02-17 07:58:00","""1749841""","""188.245.95.148:443""","""ip:port""","""botnet_cc""","""win.vidar""","""None""","""Vidar""","""""","""100""","""False""","""""","""Vidar""","""0"""
"2026-02-17 07:58:00","""1749842""","""89.167.66.199:443""","""ip:port""","""botnet_cc""","""win.vidar""","""None""","""Vidar""","""""","""100""","""False""","""""","""Vidar""","""0"""
"2026-02-17 07:58:00","""1749843""","""65.21.165.15:443""","""ip:port""","""botnet_cc""","""win.vidar""","""None""","""Vidar""","""""","""100""","""False""","""""","""Vidar""","""0"""
"2026-02-17 07:58:00","""1749844""","""217.156.66.67:443""","""ip:port""","""botnet_cc""","""win.vidar""","""None""","""Vidar""","""""","""100""","""False""","""""","""Vidar""","""0"""
"2026-02-17 07:57:59","""1749838""","""89.167.61.22:443""","""ip:port""","""botnet_cc""","""win.vidar""","""None""","""Vidar""","""""","""100""","""False""","""""","""Vidar""","""0"""
"2026-02-17 07:22:13","""1749795""","""5.252.153.240:2055""","""ip:port""","""botnet_cc""","""win.xworm""","""None""","""XWorm""","""2026-02-17 18:01:37""","""100""","""False""","""https://www.threat.rip/file/1e71fe6272c98cda8d736bd6cb0b3426050d92dec0d881ad1cb8f7d2942b51db/config""","""ADWARE","ANTI-EVASION"
"2026-02-17 07:00:22","""1749812""","""3.85.107.177:443""","""ip:port""","""botnet_cc""","""win.havoc""","""Havokiz""","""Havoc""","""2026-02-18 03:46:31""","""100""","""False""","""https://search.censys.io/hosts/3.85.107.177""","""AS14618","C2"
"2026-02-17 07:00:18","""1749811""","""66.42.49.168:7443""","""ip:port""","""botnet_cc""","""unknown""","""None""","""Unknown malware""","""2026-02-18 03:47:34""","""100""","""False""","""https://search.censys.io/hosts/66.42.49.168""","""AS20473","C2"
"2026-02-17 06:19:46","""1749537""","""185.177.57.81:23""","""ip:port""","""botnet_cc""","""elf.mirai""","""Katana""","""Mirai""","""2026-02-17 18:23:29""","""80""","""False""","""None""","""mirai""","""0"""
"2026-02-17 06:19:45","""1749764""","""39.99.25.80:4782""","""ip:port""","""botnet_cc""","""win.quasar_rat""","""CinaRAT","QuasarRAT","Yggdrasil""","""Quasar RAT""","""2026-02-17 06:03:12""","""100""","""False""","""https://www.threat.rip/file/aae5bac0f016919450d190fee6a06751a58ccf9e70341eba2fb0de7d8a0c84c9/config"""
"2026-02-17 06:19:40","""1749781""","""82.26.74.181:3778""","""ip:port""","""botnet_cc""","""win.mirai""","""None""","""Mirai""","""2026-02-17 14:20:11""","""100""","""False""","""https://www.threat.rip/file/a142ecb42ebb35c6525adfc0c382910ffbc6ce115f756b5be86c4b2621d85c89/config""","""BOTNET","DEFENSE_EVASION"
"2026-02-17 06:19:39","""1749782""","""165.245.189.98:8008""","""ip:port""","""botnet_cc""","""win.xworm""","""None""","""XWorm""","""2026-02-17 16:51:06""","""100""","""False""","""https://www.threat.rip/file/2a09dab29df767bb610ac4aec07671e3407617b2c0800d4e0df6550d4c07be4a/config""","""ANTIVM","PERSISTENCE"
"2026-02-17 06:19:27","""1749485""","""95.148.150.125:3074""","""ip:port""","""botnet_cc""","""win.xworm""","""None""","""XWorm""","""2026-02-17 16:51:05""","""100""","""False""","""https://www.threat.rip/file/4b34a82a01369fd35c9d23c5c696456501baf662fd60de80073c734683a8f4e9/config""","""AUTO-REG","AUTO-STARTUP"
"2026-02-17 06:19:21","""1749478""","""107.152.32.98:3919""","""ip:port""","""botnet_cc""","""win.xworm""","""None""","""XWorm""","""""","""100""","""False""","""https://www.threat.rip/file/ff78453dd1e15807c6bd8cb7257bef8449c43ad8e3bebccd180890d02a923eb8/config""","""AUTO-REG","AUTO-STARTUP"
"2026-02-17 06:19:18","""1749467""","""172.94.9.74:8279""","""ip:port""","""botnet_cc""","""win.remcos""","""RemcosRAT","Remvio","Socmer""","""Remcos""","""""","""100""","""False""","""https://www.threat.rip/file/6bb3c19f1ed89ba8150785d5804b641b80d04d60fa5ed3f589d98621ffe4b23b/config"""
"2026-02-17 06:19:17","""1749466""","""138.199.59.4:60736""","""ip:port""","""botnet_cc""","""win.remcos""","""RemcosRAT","Remvio","Socmer""","""Remcos""","""""","""100""","""False""","""https://www.threat.rip/file/e11e9dfee481306ee6ceca79809fb27a04c956b88f0a0681feeb6c021ff28b73/config"""
"2026-02-17 06:19:15","""1749464""","""152.89.162.5:50481""","""ip:port""","""botnet_cc""","""win.remcos""","""RemcosRAT","Remvio","Socmer""","""Remcos""","""""","""100""","""False""","""https://www.threat.rip/file/9b9741b708470ed3cd6506dc7d7a7b0739806740aee472767fe51ab04abf650b/config"""
"2026-02-17 06:19:11","""1749461""","""16.78.248.241:4832""","""ip:port""","""botnet_cc""","""win.xworm""","""None""","""XWorm""","""""","""100""","""False""","""https://www.threat.rip/file/e792b1c4655340b8b1437deaa0e039c311eab876748a79fe759cc4939921ae3d/config""","""AUTO-REG","AUTO-STARTUP"
"2026-02-17 06:04:57","""1749788""","""77.223.83.36:1111""","""ip:port""","""botnet_cc""","""win.njrat""","""Bladabindi","Lime-Worm""","""NjRAT""","""2026-02-17 16:42:48""","""100""","""False""","""https://tria.ge/260217-d2hyaaew8c""","""AS51604"
"2026-02-17 04:02:15","""1749780""","""193.222.99.212:80""","""ip:port""","""botnet_cc""","""unknown""","""None""","""Unknown malware""","""""","""100""","""False""","""https://search.censys.io/hosts/193.222.99.212""","""AS215439","C2"
"2026-02-17 04:02:12","""1749779""","""108.242.221.141:1337""","""ip:port""","""botnet_cc""","""win.empire_downloader""","""None""","""Empire Downloader""","""""","""100""","""False""","""https://search.censys.io/hosts/108.242.221.141""","""AS7018","ATT-INTERNET4"
"2026-02-17 04:02:07","""1749777""","""168.245.203.163:3790""","""ip:port""","""botnet_cc""","""win.meterpreter""","""None""","""Meterpreter""","""""","""100""","""False""","""https://search.censys.io/hosts/168.245.203.163""","""AS58580","C2"
"2026-02-17 04:02:07","""1749778""","""168.245.203.135:3790""","""ip:port""","""botnet_cc""","""win.meterpreter""","""None""","""Meterpreter""","""""","""100""","""False""","""https://search.censys.io/hosts/168.245.203.135""","""AS58580","C2"
"2026-02-17 04:02:06","""1749776""","""168.245.203.174:3790""","""ip:port""","""botnet_cc""","""win.meterpreter""","""None""","""Meterpreter""","""""","""100""","""False""","""https://search.censys.io/hosts/168.245.203.174""","""AS58580","C2"
"2026-02-17 04:01:39","""1749775""","""185.196.10.153:443""","""ip:port""","""botnet_cc""","""win.havoc""","""Havokiz""","""Havoc""","""2026-02-18 03:45:21""","""100""","""False""","""https://search.censys.io/hosts/185.196.10.153""","""AS42624","C2"
"2026-02-17 04:01:31","""1749774""","""155.117.42.89:3387""","""ip:port""","""botnet_cc""","""win.asyncrat""","""None""","""AsyncRAT""","""2026-02-18 03:44:19""","""100""","""False""","""https://search.censys.io/hosts/155.117.42.89""","""AS32097","AsyncRAT"
"2026-02-17 03:00:19","""1749768""","""197.144.114.233:5000""","""ip:port""","""botnet_cc""","""win.asyncrat""","""None""","""AsyncRAT""","""2026-02-18 03:45:52""","""100""","""False""","""https://search.censys.io/hosts/197.144.114.233""","""AS36884","C2"
"2026-02-17 03:00:18","""1749767""","""155.117.42.89:3390""","""ip:port""","""botnet_cc""","""win.asyncrat""","""None""","""AsyncRAT""","""2026-02-18 03:44:19""","""100""","""False""","""https://search.censys.io/hosts/155.117.42.89""","""AS32097","C2"
"2026-02-17 03:00:17","""1749766""","""178.16.54.125:8281""","""ip:port""","""botnet_cc""","""win.asyncrat""","""None""","""AsyncRAT""","""2026-02-18 03:45:01""","""100""","""False""","""https://search.censys.io/hosts/178.16.54.125""","""AS202412","C2"
"2026-02-17 02:49:18","""1749765""","""172.104.48.174:4433""","""ip:port""","""botnet_cc""","""win.cobalt_strike""","""Agentemis","BEACON","CobaltStrike","cobeacon""","""Cobalt Strike""","""2026-02-18 03:48:57""","""75""","""False"""
"2026-02-17 00:02:40","""1749521""","""193.222.99.212:443""","""ip:port""","""botnet_cc""","""unknown""","""None""","""Unknown malware""","""""","""100""","""False""","""https://search.censys.io/hosts/193.222.99.212""","""AS215439","C2"
"2026-02-17 00:02:29","""1749519""","""16.63.172.13:2003""","""ip:port""","""botnet_cc""","""win.meterpreter""","""None""","""Meterpreter""","""""","""100""","""False""","""https://search.censys.io/hosts/16.63.172.13""","""AMAZON-02","AS16509"
"2026-02-17 00:02:29","""1749520""","""16.63.172.13:21403""","""ip:port""","""botnet_cc""","""win.meterpreter""","""None""","""Meterpreter""","""""","""100""","""False""","""https://search.censys.io/hosts/16.63.172.13""","""AMAZON-02","AS16509"
"2026-02-17 00:02:28","""1749517""","""168.245.203.115:3790""","""ip:port""","""botnet_cc""","""win.meterpreter""","""None""","""Meterpreter""","""""","""100""","""False""","""https://search.censys.io/hosts/168.245.203.115""","""AS58580","C2"
"2026-02-17 00:02:28","""1749518""","""16.63.172.13:103""","""ip:port""","""botnet_cc""","""win.meterpreter""","""None""","""Meterpreter""","""""","""100""","""False""","""https://search.censys.io/hosts/16.63.172.13""","""AMAZON-02","AS16509"
"2026-02-17 00:02:27","""1749516""","""168.245.203.105:3790""","""ip:port""","""botnet_cc""","""win.meterpreter""","""None""","""Meterpreter""","""""","""100""","""False""","""https://search.censys.io/hosts/168.245.203.105""","""AS58580","C2"
"2026-02-17 00:02:26","""1749515""","""168.245.203.102:3790""","""ip:port""","""botnet_cc""","""win.meterpreter""","""None""","""Meterpreter""","""""","""100""","""False""","""https://search.censys.io/hosts/168.245.203.102""","""AS58580","C2"
"2026-02-17 00:02:21","""1749514""","""89.190.158.76:80""","""ip:port""","""botnet_cc""","""win.xworm""","""None""","""XWorm""","""""","""100""","""False""","""https://search.censys.io/hosts/89.190.158.76""","""AS204914","C2"
"2026-02-17 00:01:53","""1749513""","""192.117.9.22:1443""","""ip:port""","""botnet_cc""","""win.havoc""","""Havokiz""","""Havoc""","""2026-02-18 03:45:36""","""100""","""False""","""https://search.censys.io/hosts/192.117.9.22""","""AS12400","C2"
"2026-02-17 00:01:50","""1749512""","""164.90.161.126:443""","""ip:port""","""botnet_cc""","""unknown""","""None""","""Unknown malware""","""2026-02-17 03:00:22""","""100""","""False""","""https://search.censys.io/hosts/164.90.161.126""","""AS14061","C2"
"2026-02-17 00:01:30","""1749511""","""172.111.162.252:5050""","""ip:port""","""botnet_cc""","""win.remcos""","""RemcosRAT","Remvio","Socmer""","""Remcos""","""2026-02-18 03:44:49""","""100""","""False""","""https://search.censys.io/hosts/172.111.162.252"""
"2026-02-17 00:01:29","""1749510""","""107.189.22.184:2404""","""ip:port""","""botnet_cc""","""win.remcos""","""RemcosRAT","Remvio","Socmer""","""Remcos""","""2026-02-18 03:43:27""","""100""","""False""","""https://search.censys.io/hosts/107.189.22.184"""
"2026-02-17 00:01:01","""1749509""","""34.92.40.186:80""","""ip:port""","""botnet_cc""","""win.cobalt_strike""","""Agentemis","BEACON","CobaltStrike","cobeacon""","""Cobalt Strike""","""2026-02-17 03:00:06""","""100""","""False"""
"2026-02-16 23:00:28","""1749500""","""192.159.99.94:4433""","""ip:port""","""botnet_cc""","""win.dcrat""","""DarkCrystal RAT""","""DCRat""","""2026-02-18 03:45:37""","""100""","""False""","""https://search.censys.io/hosts/192.159.99.94""","""028f45e8dd4f225cb46a7d8003745a3a7f55d3a0","AS210558"
"2026-02-16 23:00:25","""1749499""","""54.196.248.194:8443""","""ip:port""","""botnet_cc""","""win.havoc""","""Havokiz""","""Havoc""","""2026-02-18 03:47:23""","""100""","""False""","""https://search.censys.io/hosts/54.196.248.194""","""AS14618","C2"
"2026-02-16 23:00:22","""1749498""","""20.251.145.93:443""","""ip:port""","""botnet_cc""","""unknown""","""None""","""Unknown malware""","""2026-02-17 00:01:49""","""100""","""False""","""https://search.censys.io/hosts/20.251.145.93""","""AS8075","C2"
"2026-02-16 23:00:21","""1749497""","""91.99.225.223:443""","""ip:port""","""botnet_cc""","""unknown""","""None""","""Unknown malware""","""2026-02-17 00:01:49""","""100""","""False""","""https://search.censys.io/hosts/91.99.225.223""","""AS24940","C2"
"2026-02-16 23:00:08","""1749496""","""39.106.133.52:18443""","""ip:port""","""botnet_cc""","""win.cobalt_strike""","""Agentemis","BEACON","CobaltStrike","cobeacon""","""Cobalt Strike""","""2026-02-18 03:49:11""","""100""","""False"""
"2026-02-16 20:35:02","""1749471""","""2.56.172.45:8793""","""ip:port""","""botnet_cc""","""win.vshell""","""None""","""VShell""","""""","""100""","""False""","""https://www.virustotal.com/gui/file/e39b9cce08107ebd691c4ec88609564b40b2e1a32fb79d10e8dfd9772218b6f2""","""AS209847","c2"
"2026-02-16 20:02:14","""1749460""","""35.156.10.131:4839""","""ip:port""","""botnet_cc""","""win.meterpreter""","""None""","""Meterpreter""","""""","""100""","""False""","""https://search.censys.io/hosts/35.156.10.131""","""AMAZON-02","AS16509"
"2026-02-16 20:01:25","""1749459""","""94.237.27.113:8001""","""ip:port""","""botnet_cc""","""win.sliver""","""None""","""Sliver""","""""","""100""","""False""","""https://search.censys.io/hosts/94.237.27.113""","""AS202053","C2"
"2026-02-16 20:01:23","""1749458""","""64.176.37.51:443""","""ip:port""","""botnet_cc""","""win.sliver""","""None""","""Sliver""","""2026-02-18 03:47:29""","""100""","""False""","""https://search.censys.io/hosts/64.176.37.51""","""AS-VULTR","AS20473"
"2026-02-16 20:01:19","""1749457""","""45.32.165.239:2012""","""ip:port""","""botnet_cc""","""win.remcos""","""RemcosRAT","Remvio","Socmer""","""Remcos""","""2026-02-18 03:46:58""","""100""","""False""","""https://search.censys.io/hosts/45.32.165.239"""
"2026-02-16 19:03:09","""1749445""","""5.101.86.27:46321""","""ip:port""","""botnet_cc""","""win.remcos""","""RemcosRAT","Remvio","Socmer""","""Remcos""","""2026-02-18 03:47:15""","""75""","""False""","""None"""
"2026-02-16 19:02:13","""1749444""","""218.255.179.148:36123""","""ip:port""","""botnet_cc""","""win.deimos_c2""","""None""","""DeimosC2""","""2026-02-18 03:46:21""","""75""","""False""","""None""","""Deimos","drb-ra"""
"2026-02-16 19:00:43","""1749443""","""223.109.212.168:10001""","""ip:port""","""botnet_cc""","""win.extreme_rat""","""ExtRat""","""Xtreme RAT""","""""","""100""","""False""","""https://search.censys.io/hosts/223.109.212.168""","""AS56046","C2"
"2026-02-16 19:00:30","""1749441""","""31.141.178.107:5130""","""ip:port""","""botnet_cc""","""win.ares""","""None""","""Ares""","""""","""90""","""False""","""https://search.censys.io/hosts/31.141.178.107""","""AS16135","C2"
"2026-02-16 19:00:21","""1749440""","""102.117.165.185:7443""","""ip:port""","""botnet_cc""","""unknown""","""None""","""Unknown malware""","""2026-02-18 03:43:05""","""100""","""False""","""https://search.censys.io/hosts/102.117.165.185""","""AS23889","C2"
"2026-02-16 19:00:20","""1749439""","""155.138.161.225:7443""","""ip:port""","""botnet_cc""","""unknown""","""None""","""Unknown malware""","""2026-02-18 03:44:19""","""100""","""False""","""https://search.censys.io/hosts/155.138.161.225""","""AS20473","C2"
"2026-02-16 19:00:14","""1749438""","""2.59.218.208:443""","""ip:port""","""botnet_cc""","""win.sliver""","""None""","""Sliver""","""2026-02-18 03:45:57""","""90""","""False""","""https://search.censys.io/hosts/2.59.218.208""","""AS62005","BV-EU-AS"
"2026-02-16 18:54:27","""1749436""","""144.31.101.142:443""","""ip:port""","""botnet_cc""","""win.deimos_c2""","""None""","""DeimosC2""","""2026-02-18 03:44:00""","""75""","""False""","""None""","""Deimos","drb-ra"""
"2026-02-16 18:50:07","""1749434""","""31.57.219.101:2005""","""ip:port""","""botnet_cc""","""win.remcos""","""RemcosRAT","Remvio","Socmer""","""Remcos""","""2026-02-16 18:57:33""","""100""","""False""","""None"""
"2026-02-16 18:49:40","""1749433""","""129.226.150.94:443""","""ip:port""","""botnet_cc""","""win.deimos_c2""","""None""","""DeimosC2""","""2026-02-18 03:43:40""","""75""","""False""","""None""","""Deimos","drb-ra"""
"2026-02-16 18:45:10","""1749431""","""107.189.17.96:44999""","""ip:port""","""botnet_cc""","""win.havoc""","""Havokiz""","""Havoc""","""2026-02-18 03:43:27""","""75""","""False""","""None""","""drb-ra","Havoc"""
"2026-02-16 18:38:46","""1749429""","""188.245.92.11:443""","""ip:port""","""botnet_cc""","""win.vidar""","""None""","""Vidar""","""2026-02-17 07:58:00""","""100""","""False""","""https://www.virustotal.com/gui/file/add430100c7acda7a55499f05b3002734a48e5b4e54c5f877a4d7455b14ddc0f""","""AS24940","c2"
"2026-02-16 17:32:09","""1749413""","""23.104.160.115:8890""","""ip:port""","""botnet_cc""","""win.ghost_rat""","""Farfli","Gh0st RAT","PCRat""","""Ghost RAT""","""""","""100""","""False""","""https://tria.ge/260216-vx2chafz4b"""
"2026-02-16 17:32:09","""1749414""","""23.104.160.116:9963""","""ip:port""","""botnet_cc""","""win.ghost_rat""","""Farfli","Gh0st RAT","PCRat""","""Ghost RAT""","""""","""100""","""False""","""https://tria.ge/260216-vx2chafz4b"""
"2026-02-16 17:29:28","""1749399""","""5.251.45.147:40500""","""ip:port""","""botnet_cc""","""win.phorpiex""","""Trik","phorphiex""","""Phorpiex""","""""","""100""","""False""","""https://www.threat.rip/file/170e0abb4ebac38025a21745ce618c1dce88fd5d80adddf5dd7f5fcf5b0e9840/config""","""AUTO"
"2026-02-16 16:25:30","""1749393""","""37.114.46.213:8808""","""ip:port""","""botnet_cc""","""win.asyncrat""","""None""","""AsyncRAT""","""""","""100""","""False""","""https://tria.ge/260216-tq1xqadw9c""","""AS58087","AsyncRAT"
"2026-02-16 16:25:30","""1749394""","""37.114.46.213:7707""","""ip:port""","""botnet_cc""","""win.asyncrat""","""None""","""AsyncRAT""","""""","""100""","""False""","""https://tria.ge/260216-tq1xqadw9c""","""AS58087","AsyncRAT"
"2026-02-16 16:25:30","""1749395""","""37.114.46.213:6606""","""ip:port""","""botnet_cc""","""win.asyncrat""","""None""","""AsyncRAT""","""""","""100""","""False""","""https://tria.ge/260216-tq1xqadw9c""","""AS58087","AsyncRAT"
"2026-02-16 16:23:57","""1749388""","""37.114.46.213:4042""","""ip:port""","""botnet_cc""","""win.xworm""","""None""","""XWorm""","""""","""100""","""False""","""https://www.virustotal.com/gui/file/8e95a54a1cf52d24d8af1054105544915c92d03b73abc97e692b0bb5bce88684""","""AS58087","c2"
"2026-02-16 16:02:16","""1749380""","""151.64.6.123:8080""","""ip:port""","""botnet_cc""","""win.empire_downloader""","""None""","""Empire Downloader""","""""","""100""","""False""","""https://search.censys.io/hosts/151.64.6.123""","""AS1267","ASN-WINDTRE"
"2026-02-16 16:02:11","""1749379""","""13.244.92.6:2455""","""ip:port""","""botnet_cc""","""win.meterpreter""","""None""","""Meterpreter""","""""","""100""","""False""","""https://search.censys.io/hosts/13.244.92.6""","""AMAZON-02","AS16509"
"2026-02-16 15:39:19","""1749331""","""197.26.167.133:37215""","""ip:port""","""botnet_cc""","""win.mirai""","""None""","""Mirai""","""""","""100""","""False""","""https://www.threat.rip/file/213698fdff7340cc0fc75a4bb7815f7428915db5e322204e708d8ee811f5053d/config""","""BOTNET","DEFENSE_EVASION"
"2026-02-16 15:00:38","""1749353""","""185.36.191.6:8080""","""ip:port""","""botnet_cc""","""win.remcos""","""RemcosRAT","Remvio","Socmer""","""Remcos""","""2026-02-17 14:56:17""","""100""","""False""","""https://tria.ge/260216-n62ajadv2b"""
"2026-02-16 15:00:38","""1749354""","""193.22.96.22:8090""","""ip:port""","""botnet_cc""","""win.remcos""","""RemcosRAT","Remvio","Socmer""","""Remcos""","""2026-02-17 14:56:17""","""100""","""False""","""https://tria.ge/260216-n62ajadv2b"""
"2026-02-16 15:00:38","""1749355""","""212.90.190.137:465""","""ip:port""","""botnet_cc""","""win.remcos""","""RemcosRAT","Remvio","Socmer""","""Remcos""","""2026-02-17 14:56:17""","""100""","""False""","""https://tria.ge/260216-n62ajadv2b"""
"2026-02-16 15:00:38","""1749356""","""213.177.179.35:8080""","""ip:port""","""botnet_cc""","""win.remcos""","""RemcosRAT","Remvio","Socmer""","""Remcos""","""2026-02-17 14:56:17""","""100""","""False""","""https://tria.ge/260216-n62ajadv2b"""
"2026-02-16 15:00:38","""1749357""","""213.177.179.35:8279""","""ip:port""","""botnet_cc""","""win.remcos""","""RemcosRAT","Remvio","Socmer""","""Remcos""","""2026-02-17 14:56:17""","""100""","""False""","""https://tria.ge/260216-n62ajadv2b"""
"2026-02-16 15:00:37","""1749350""","""172.94.9.74:49309""","""ip:port""","""botnet_cc""","""win.remcos""","""RemcosRAT","Remvio","Socmer""","""Remcos""","""2026-02-18 00:01:29""","""100""","""False""","""https://tria.ge/260216-n62ajadv2b"""
"2026-02-16 15:00:37","""1749351""","""172.94.9.74:59887""","""ip:port""","""botnet_cc""","""win.remcos""","""RemcosRAT","Remvio","Socmer""","""Remcos""","""2026-02-18 00:01:28""","""100""","""False""","""https://tria.ge/260216-n62ajadv2b"""
"2026-02-16 15:00:37","""1749352""","""176.107.176.77:8080""","""ip:port""","""botnet_cc""","""win.remcos""","""RemcosRAT","Remvio","Socmer""","""Remcos""","""2026-02-17 14:56:17""","""100""","""False""","""https://tria.ge/260216-n62ajadv2b"""
"2026-02-16 15:00:20","""1749349""","""169.40.135.21:7443""","""ip:port""","""botnet_cc""","""unknown""","""None""","""Unknown malware""","""2026-02-18 03:44:46""","""100""","""False""","""https://search.censys.io/hosts/169.40.135.21""","""AS209274","C2"
"2026-02-16 15:00:17","""1749348""","""109.248.151.177:2003""","""ip:port""","""botnet_cc""","""win.asyncrat""","""None""","""AsyncRAT""","""2026-02-18 03:43:31""","""100""","""False""","""https://search.censys.io/hosts/109.248.151.177""","""AS52048","C2"
"2026-02-16 14:15:07","""1749338""","""45.92.1.219:4782""","""ip:port""","""botnet_cc""","""win.quasar_rat""","""CinaRAT","QuasarRAT","Yggdrasil""","""Quasar RAT""","""2026-02-17 16:50:50""","""100""","""False""","""None"""
"2026-02-16 13:46:55","""1749316""","""103.50.255.100:10086""","""ip:port""","""botnet_cc""","""win.asyncrat""","""None""","""AsyncRAT""","""2026-02-17 16:50:59""","""100""","""False""","""https://www.threat.rip/file/dbf47a7b43131519e9c63b044c5f89acb10db9a1233413130d12357e4e227f3a/config""","""ASYNCRAT","AUTO-REG"
"2026-02-16 13:46:54","""1749321""","""185.91.127.179:555""","""ip:port""","""botnet_cc""","""win.xworm""","""None""","""XWorm""","""2026-02-16 13:03:34""","""100""","""False""","""https://www.threat.rip/file/2d740f25e9ed9c67124c8bc69ed1474218dd08c16e820c61d2c8590ab3d676a1/config""","""AUTO-SCH","EXECUTION"
"2026-02-16 13:46:52","""1749323""","""124.135.18.68:2323""","""ip:port""","""botnet_cc""","""win.mirai""","""None""","""Mirai""","""""","""100""","""False""","""https://www.threat.rip/file/849c5ccae6b9f0751e5d2700bf56e1427533c2b478df00dff5425f651548b13e/config""","""BOTNET","DEFENSE_EVASION"
"2026-02-16 13:46:51","""1749325""","""41.9.52.105:37215""","""ip:port""","""botnet_cc""","""win.mirai""","""None""","""Mirai""","""""","""100""","""False""","""https://www.threat.rip/file/4e17aaa027bde62bcd7b23b24f5565205324cca981d1c769009e88a7b23792cd/config""","""BOTNET","DEFENSE_EVASION"
"2026-02-16 13:46:49","""1749328""","""45.83.207.188:38241""","""ip:port""","""botnet_cc""","""elf.mirai""","""Katana""","""Mirai""","""""","""100""","""False""","""None""","""Mirai""","""0"""
"2026-02-16 12:52:12","""1749320""","""31.45.231.174:10000""","""ip:port""","""botnet_cc""","""win.meterpreter""","""None""","""Meterpreter""","""2026-02-18 03:49:08""","""75""","""False""","""None""","""drb-ra","Metasploit"
"2026-02-16 12:51:53","""1749319""","""151.243.109.247:8888""","""ip:port""","""botnet_cc""","""win.meterpreter""","""None""","""Meterpreter""","""2026-02-18 03:48:51""","""75""","""False""","""None""","""drb-ra","Metasploit"
"2026-02-16 12:27:22","""1749273""","""209.54.103.189:63712""","""ip:port""","""botnet_cc""","""win.xworm""","""None""","""XWorm""","""2026-02-17 16:51:05""","""100""","""False""","""https://www.threat.rip/file/5cf73d1e70ec8fd9a781cd746c0485595f4f47c5913a4c353c3bc9c4f2796752/config""","""AUTO-REG","EXECUTION"
"2026-02-16 12:27:15","""1749287""","""185.246.223.69:56001""","""ip:port""","""botnet_cc""","""win.resolver_rat""","""PureHVNC","ResolverRAT""","""PureRAT""","""""","""100""","""False""","""https://www.threat.rip/file/d2aa7cd8ec3ca9782b4ecffe1c2fc20b9ca6da3a999ade3c5df0d4b8b856d620/config""","""DISCOVERY"
"2026-02-16 12:02:07","""1749311""","""103.177.47.216:3790""","""ip:port""","""botnet_cc""","""win.meterpreter""","""None""","""Meterpreter""","""""","""100""","""False""","""https://search.censys.io/hosts/103.177.47.216""","""AS58580","C2"
"2026-02-16 12:02:06","""1749310""","""103.177.47.175:3790""","""ip:port""","""botnet_cc""","""win.meterpreter""","""None""","""Meterpreter""","""""","""100""","""False""","""https://search.censys.io/hosts/103.177.47.175""","""AS58580","C2"
"2026-02-16 12:02:05","""1749309""","""103.177.47.212:3790""","""ip:port""","""botnet_cc""","""win.meterpreter""","""None""","""Meterpreter""","""""","""100""","""False""","""https://search.censys.io/hosts/103.177.47.212""","""AS58580","C2"
"2026-02-16 12:01:59","""1749308""","""94.237.101.201:8080""","""ip:port""","""botnet_cc""","""win.mimikatz""","""None""","""MimiKatz""","""""","""100""","""False""","""https://search.censys.io/hosts/94.237.101.201""","""AS202053","C2"
"2026-02-16 12:01:51","""1749307""","""170.187.205.218:8080""","""ip:port""","""botnet_cc""","""win.chaos""","""FakeRyuk","RyukJoke","Yashma""","""Chaos""","""2026-02-18 03:44:46""","""100""","""False""","""https://search.censys.io/hosts/170.187.205.218"""
"2026-02-16 12:01:40","""1749306""","""179.95.122.188:9990""","""ip:port""","""botnet_cc""","""win.netsupportmanager_rat""","""NetSupport""","""NetSupportManager RAT""","""2026-02-18 03:45:08""","""100""","""False""","""https://search.censys.io/hosts/179.95.122.188""","""AS18881","C2"
"2026-02-16 12:01:16","""1749305""","""172.65.239.53:8443""","""ip:port""","""botnet_cc""","""win.remcos""","""RemcosRAT","Remvio","Socmer""","""Remcos""","""2026-02-18 03:44:53""","""100""","""False""","""https://search.censys.io/hosts/172.65.239.53"""
"2026-02-16 12:01:15","""1749304""","""178.16.52.127:2404""","""ip:port""","""botnet_cc""","""win.remcos""","""RemcosRAT","Remvio","Socmer""","""Remcos""","""2026-02-18 03:44:59""","""100""","""False""","""https://search.censys.io/hosts/178.16.52.127"""
"2026-02-16 11:00:32","""1749293""","""24.74.213.251:80""","""ip:port""","""botnet_cc""","""elf.moobot""","""None""","""MooBot""","""2026-02-16 12:01:49""","""100""","""False""","""https://search.censys.io/hosts/24.74.213.251""","""AS11426","C2"
"2026-02-16 11:00:21","""1749292""","""134.209.30.4:443""","""ip:port""","""botnet_cc""","""win.havoc""","""Havokiz""","""Havoc""","""2026-02-18 03:43:45""","""100""","""False""","""https://search.censys.io/hosts/134.209.30.4""","""AS14061","C2"
"2026-02-16 09:20:49","""1749267""","""47.96.81.247:5555""","""ip:port""","""botnet_cc""","""win.cobalt_strike""","""Agentemis","BEACON","CobaltStrike","cobeacon""","""Cobalt Strike""","""""","""100""","""False"""
"2026-02-16 09:17:37","""1749266""","""155.103.71.207:19924""","""ip:port""","""botnet_cc""","""win.remcos""","""RemcosRAT","Remvio","Socmer""","""Remcos""","""2026-02-16 20:10:32""","""50""","""False""",""""""
"2026-02-16 09:10:44","""1749260""","""185.100.233.121:80""","""ip:port""","""botnet_cc""","""win.fickle""","""None""","""Fickle Stealer""","""""","""50""","""False""","""https://www.shodan.io/host/185.100.233.121#80""","""c2","fickle"
"2026-02-16 09:10:17","""1749259""","""121.89.205.206:19090""","""ip:port""","""botnet_cc""","""unknown""","""None""","""Unknown malware""","""""","""50""","""False""","""https://www.shodan.io/host/121.89.205.206#19090""","""c2","netbus"
"2026-02-16 09:10:04","""1749258""","""153.120.135.216:8888""","""ip:port""","""botnet_cc""","""unknown""","""None""","""Unknown malware""","""""","""50""","""False""","""https://www.shodan.io/host/153.120.135.216#8888""","""c2","caldera"
"2026-02-16 09:09:16","""1749257""","""176.133.239.174:443""","""ip:port""","""botnet_cc""","""win.havoc""","""Havokiz""","""Havoc""","""2026-02-18 00:01:59""","""50""","""False""","""https://www.shodan.io/host/176.133.239.174#443""","""c2","havoc"
"2026-02-16 09:08:55","""1749256""","""86.104.9.131:9446""","""ip:port""","""botnet_cc""","""win.crimson""","""SEEDOOR","Scarimson""","""Crimson RAT""","""""","""50""","""False""","""https://www.shodan.io/host/86.104.9.131#9446""","""c2"
"2026-02-16 09:08:40","""1749255""","""156.223.82.207:1177""","""ip:port""","""botnet_cc""","""win.njrat""","""Bladabindi","Lime-Worm""","""NjRAT""","""""","""50""","""False""","""https://www.shodan.io/host/156.223.82.207#1177""","""c2"
"2026-02-16 09:07:55","""1749253""","""71.89.141.8:8443""","""ip:port""","""botnet_cc""","""unknown""","""None""","""Unknown malware""","""""","""50""","""False""","""https://www.shodan.io/host/71.89.141.8#8443""","""c2","powersploit"
"2026-02-16 09:07:55","""1749254""","""52.202.90.227:8494""","""ip:port""","""botnet_cc""","""unknown""","""None""","""Unknown malware""","""""","""50""","""False""","""https://www.shodan.io/host/52.202.90.227#8494""","""c2","powersploit"
"2026-02-16 09:07:36","""1749251""","""5.160.135.38:8099""","""ip:port""","""botnet_cc""","""win.extreme_rat""","""ExtRat""","""Xtreme RAT""","""""","""50""","""False""","""https://www.shodan.io/host/5.160.135.38#8099""","""c2","extreme"
"2026-02-16 09:07:36","""1749252""","""149.12.67.250:6379""","""ip:port""","""botnet_cc""","""win.extreme_rat""","""ExtRat""","""Xtreme RAT""","""""","""50""","""False""","""https://www.shodan.io/host/149.12.67.250#6379""","""c2","extreme"
"2026-02-16 09:07:21","""1749250""","""93.144.96.45:1337""","""ip:port""","""botnet_cc""","""win.asyncrat""","""None""","""AsyncRAT""","""2026-02-18 00:01:49""","""50""","""False""","""https://www.shodan.io/host/93.144.96.45#1337""","""asyncrat","c2"
"2026-02-16 09:07:04","""1749249""","""101.36.114.215:80""","""ip:port""","""botnet_cc""","""win.kimsuky""","""None""","""Kimsuky""","""""","""50""","""False""","""https://www.shodan.io/host/101.36.114.215#80""","""c2","kimsuky"
"2026-02-16 09:07:02","""1749248""","""27.102.137.38:80""","""ip:port""","""botnet_cc""","""win.kimsuky""","""None""","""Kimsuky""","""""","""50""","""False""","""https://www.shodan.io/host/27.102.137.38#80""","""c2","kimsuky"
"2026-02-16 09:07:01","""1749247""","""27.102.138.150:80""","""ip:port""","""botnet_cc""","""win.kimsuky""","""None""","""Kimsuky""","""""","""50""","""False""","""https://www.shodan.io/host/27.102.138.150#80""","""c2","kimsuky"
"2026-02-16 09:07:00","""1749246""","""27.102.138.144:80""","""ip:port""","""botnet_cc""","""win.kimsuky""","""None""","""Kimsuky""","""""","""50""","""False""","""https://www.shodan.io/host/27.102.138.144#80""","""c2","kimsuky"
"2026-02-16 09:06:19","""1749243""","""103.153.61.202:4443""","""ip:port""","""botnet_cc""","""unknown""","""None""","""Unknown malware""","""""","""50""","""False""","""https://www.shodan.io/host/103.153.61.202#4443""","""c2","gophish"
"2026-02-16 09:06:19","""1749244""","""15.236.165.20:443""","""ip:port""","""botnet_cc""","""unknown""","""None""","""Unknown malware""","""""","""50""","""False""","""https://www.shodan.io/host/15.236.165.20#443""","""c2","gophish"
"2026-02-16 09:06:18","""1749240""","""34.101.131.221:3333""","""ip:port""","""botnet_cc""","""unknown""","""None""","""Unknown malware""","""""","""50""","""False""","""https://www.shodan.io/host/34.101.131.221#3333""","""c2","gophish"
"2026-02-16 09:06:18","""1749241""","""181.174.165.128:3333""","""ip:port""","""botnet_cc""","""unknown""","""None""","""Unknown malware""","""""","""50""","""False""","""https://www.shodan.io/host/181.174.165.128#3333""","""c2","gophish"
"2026-02-16 09:06:18","""1749242""","""34.30.77.194:3333""","""ip:port""","""botnet_cc""","""unknown""","""None""","""Unknown malware""","""""","""50""","""False""","""https://www.shodan.io/host/34.30.77.194#3333""","""c2","gophish"
"2026-02-16 09:06:17","""1749239""","""79.148.106.231:443""","""ip:port""","""botnet_cc""","""unknown""","""None""","""Unknown malware""","""""","""50""","""False""","""https://www.shodan.io/host/79.148.106.231#443""","""c2","gophish"
"2026-02-16 09:06:16","""1749238""","""45.12.2.166:443""","""ip:port""","""botnet_cc""","""unknown""","""None""","""Unknown malware""","""""","""50""","""False""","""https://www.shodan.io/host/45.12.2.166#443""","""c2","gophish"
"2026-02-16 09:06:00","""1749237""","""195.177.94.132:31337""","""ip:port""","""botnet_cc""","""win.sliver""","""None""","""Sliver""","""""","""50""","""False""","""https://www.shodan.io/host/195.177.94.132#31337""","""c2","shodan"
"2026-02-16 09:05:59","""1749235""","""138.197.145.94:31337""","""ip:port""","""botnet_cc""","""win.sliver""","""None""","""Sliver""","""2026-02-18 00:01:35""","""50""","""False""","""https://www.shodan.io/host/138.197.145.94#31337""","""c2","shodan"
"2026-02-16 09:05:59","""1749236""","""144.172.106.173:31337""","""ip:port""","""botnet_cc""","""win.sliver""","""None""","""Sliver""","""""","""50""","""False""","""https://www.shodan.io/host/144.172.106.173#31337""","""c2","shodan"
"2026-02-16 09:05:58","""1749232""","""176.119.148.130:31337""","""ip:port""","""botnet_cc""","""win.sliver""","""None""","""Sliver""","""2026-02-18 00:01:37""","""50""","""False""","""https://www.shodan.io/host/176.119.148.130#31337""","""c2","shodan"
"2026-02-16 09:05:58","""1749233""","""138.201.198.73:31337""","""ip:port""","""botnet_cc""","""win.sliver""","""None""","""Sliver""","""""","""50""","""False""","""https://www.shodan.io/host/138.201.198.73#31337""","""c2","shodan"
"2026-02-16 09:05:58","""1749234""","""138.68.254.126:31337""","""ip:port""","""botnet_cc""","""win.sliver""","""None""","""Sliver""","""2026-02-17 23:00:13""","""50""","""False""","""https://www.shodan.io/host/138.68.254.126#31337""","""c2","shodan"
"2026-02-16 09:05:57","""1749230""","""216.128.145.180:31337""","""ip:port""","""botnet_cc""","""win.sliver""","""None""","""Sliver""","""""","""50""","""False""","""https://www.shodan.io/host/216.128.145.180#31337""","""c2","shodan"
"2026-02-16 09:05:57","""1749231""","""178.128.65.29:31337""","""ip:port""","""botnet_cc""","""win.sliver""","""None""","""Sliver""","""2026-02-17 23:00:15""","""50""","""False""","""https://www.shodan.io/host/178.128.65.29#31337""","""c2","shodan"
"2026-02-16 09:05:56","""1749228""","""72.142.102.143:31337""","""ip:port""","""botnet_cc""","""win.sliver""","""None""","""Sliver""","""2026-02-18 00:01:36""","""50""","""False""","""https://www.shodan.io/host/72.142.102.143#31337""","""c2","shodan"
"2026-02-16 09:05:56","""1749229""","""82.165.218.73:31337""","""ip:port""","""botnet_cc""","""win.sliver""","""None""","""Sliver""","""2026-02-17 23:00:16""","""50""","""False""","""https://www.shodan.io/host/82.165.218.73#31337""","""c2","shodan"
"2026-02-16 09:05:55","""1749226""","""188.40.151.67:31337""","""ip:port""","""botnet_cc""","""win.sliver""","""None""","""Sliver""","""""","""50""","""False""","""https://www.shodan.io/host/188.40.151.67#31337""","""c2","shodan"
"2026-02-16 09:05:55","""1749227""","""198.199.73.41:31337""","""ip:port""","""botnet_cc""","""win.sliver""","""None""","""Sliver""","""2026-02-17 23:00:17""","""50""","""False""","""https://www.shodan.io/host/198.199.73.41#31337""","""c2","shodan"
"2026-02-16 09:05:54","""1749223""","""84.17.45.180:31337""","""ip:port""","""botnet_cc""","""win.sliver""","""None""","""Sliver""","""2026-02-18 00:01:39""","""50""","""False""","""https://www.shodan.io/host/84.17.45.180#31337""","""c2","shodan"
"2026-02-16 09:05:54","""1749224""","""24.144.90.215:31337""","""ip:port""","""botnet_cc""","""win.sliver""","""None""","""Sliver""","""2026-02-18 00:01:34""","""50""","""False""","""https://www.shodan.io/host/24.144.90.215#31337""","""c2","shodan"
"2026-02-16 09:05:54","""1749225""","""147.93.185.25:31337""","""ip:port""","""botnet_cc""","""win.sliver""","""None""","""Sliver""","""2026-02-17 23:00:18""","""50""","""False""","""https://www.shodan.io/host/147.93.185.25#31337""","""c2","shodan"
"2026-02-16 09:05:53","""1749221""","""95.216.212.8:31337""","""ip:port""","""botnet_cc""","""win.sliver""","""None""","""Sliver""","""""","""50""","""False""","""https://www.shodan.io/host/95.216.212.8#31337""","""c2","shodan"
"2026-02-16 09:05:53","""1749222""","""45.94.31.220:31337""","""ip:port""","""botnet_cc""","""win.sliver""","""None""","""Sliver""","""""","""50""","""False""","""https://www.shodan.io/host/45.94.31.220#31337""","""c2","shodan"
"2026-02-16 09:05:36","""1749219""","""54.215.58.48:443""","""ip:port""","""botnet_cc""","""win.cobalt_strike""","""Agentemis","BEACON","CobaltStrike","cobeacon""","""Cobalt Strike""","""2026-02-16 09:05:37""","""50""","""False"""
"2026-02-16 09:05:36","""1749220""","""43.206.141.201:80""","""ip:port""","""botnet_cc""","""win.cobalt_strike""","""Agentemis","BEACON","CobaltStrike","cobeacon""","""Cobalt Strike""","""""","""50""","""False"""
"2026-02-16 09:05:34","""1749218""","""4.201.220.7:50050""","""ip:port""","""botnet_cc""","""win.cobalt_strike""","""Agentemis","BEACON","CobaltStrike","cobeacon""","""Cobalt Strike""","""""","""50""","""False"""
"2026-02-16 09:05:30","""1749217""","""111.228.4.54:4455""","""ip:port""","""botnet_cc""","""win.cobalt_strike""","""Agentemis","BEACON","CobaltStrike","cobeacon""","""Cobalt Strike""","""2026-02-18 03:48:34""","""50""","""False"""
"2026-02-16 09:00:30","""1749216""","""38.76.193.175:3451""","""ip:port""","""botnet_cc""","""win.valley_rat""","""Winos""","""ValleyRAT""","""""","""75""","""False""","""https://bazaar.abuse.ch/sample/5d0232de29690795c3eb9c11a8d87db47827689da7223bc0ec9c5f181fbd1698/""","""valleyrat_s2""","""0"""
"2026-02-16 09:00:29","""1749215""","""38.76.193.175:2451""","""ip:port""","""botnet_cc""","""win.valley_rat""","""Winos""","""ValleyRAT""","""""","""75""","""False""","""https://bazaar.abuse.ch/sample/5d0232de29690795c3eb9c11a8d87db47827689da7223bc0ec9c5f181fbd1698/""","""valleyrat_s2""","""0"""
"2026-02-16 09:00:14","""1749214""","""38.76.193.175:1451""","""ip:port""","""botnet_cc""","""win.valley_rat""","""Winos""","""ValleyRAT""","""""","""100""","""False""","""None""","""RAT","ValleyRAT"""
"2026-02-16 08:48:08","""1749203""","""47.246.13.113:4506""","""ip:port""","""botnet_cc""","""win.deimos_c2""","""None""","""DeimosC2""","""2026-02-18 03:47:10""","""75""","""False""","""None""","""Deimos","drb-ra"""
"2026-02-16 08:47:43","""1749202""","""38.60.242.200:443""","""ip:port""","""botnet_cc""","""win.sliver""","""None""","""Sliver""","""2026-02-18 03:46:47""","""75""","""False""","""None""","""drb-ra","Sliver"""
"2026-02-16 08:47:31","""1749200""","""34.232.174.173:443""","""ip:port""","""botnet_cc""","""win.deimos_c2""","""None""","""DeimosC2""","""2026-02-18 03:46:35""","""75""","""False""","""None""","""Deimos","drb-ra"""
"2026-02-16 08:44:41","""1749196""","""155.94.144.226:8888""","""ip:port""","""botnet_cc""","""win.sliver""","""None""","""Sliver""","""2026-02-18 03:44:20""","""75""","""False""","""None""","""drb-ra","Sliver"""
"2026-02-16 08:28:30","""1749180""","""91.92.242.240:1420""","""ip:port""","""botnet_cc""","""win.mirai""","""None""","""Mirai""","""2026-02-16 11:09:02""","""100""","""False""","""https://www.threat.rip/file/79421547a1f520da7ce7516916f9475dc1d39c3b87811e173e9bfb52bd7d66a9/config""","""BOTNET","DEFENSE_EVASION"
"2026-02-16 08:25:13","""1749183""","""142.91.102.119:443""","""ip:port""","""botnet_cc""","""win.vshell""","""None""","""VShell""","""""","""100""","""False""","""https://www.virustotal.com/gui/file/8674b139bc2c84b20dccc6473ffdb882b506fa203716f4f4467929b646a0adaa""","""AS59253","c2"
"2026-02-16 08:14:48","""1749178""","""45.92.1.138:8041""","""ip:port""","""botnet_cc""","""unknown_rat""","""None""","""Unknown RAT""","""""","""100""","""False""","""https://tria.ge/260216-axhj6sgw7g""","""028f45e8dd4f225cb46a7d8003745a3a7f55d3a0","AS210558"
"2026-02-16 08:02:07","""1749175""","""35.94.59.248:59298""","""ip:port""","""botnet_cc""","""win.meterpreter""","""None""","""Meterpreter""","""""","""100""","""False""","""https://search.censys.io/hosts/35.94.59.248""","""AMAZON-02","AS16509"
"2026-02-16 08:02:06","""1749174""","""15.216.6.223:9490""","""ip:port""","""botnet_cc""","""win.meterpreter""","""None""","""Meterpreter""","""""","""100""","""False""","""https://search.censys.io/hosts/15.216.6.223""","""AMAZON-02","AS16509"
"2026-02-16 08:01:33","""1749173""","""88.210.13.135:9000""","""ip:port""","""botnet_cc""","""win.sectop_rat""","""1xxbot","ArechClient""","""SectopRAT""","""""","""100""","""False""","""https://search.censys.io/hosts/88.210.13.135""","""AS216071"
"2026-02-16 08:00:08","""1748898""","""195.211.96.77:2428""","""ip:port""","""botnet_cc""","""win.remcos""","""RemcosRAT","Remvio","Socmer""","""Remcos""","""""","""100""","""False""","""https://www.threat.rip/file/83726f65084b85630aa0bd7b1808d4941484065991f58f1789ad819cd004cf4e/config"""
"2026-02-16 08:00:05","""1748895""","""198.244.201.139:5733""","""ip:port""","""botnet_cc""","""win.remcos""","""RemcosRAT","Remvio","Socmer""","""Remcos""","""2026-02-16 19:53:30""","""100""","""False""","""https://www.threat.rip/file/62cf2344a5a81f981cdcf2e51c01ac52aaa2793a88775a3c04ff8cc86bdc24b7/config"""
"2026-02-16 07:59:52","""1748929""","""45.243.236.40:9898""","""ip:port""","""botnet_cc""","""win.xworm""","""None""","""XWorm""","""""","""100""","""False""","""https://www.threat.rip/file/259e01898b2a1972b2a63199c0abf7f3515420624086846a3803f06f69f821aa/config""","""AUTO-REG","AUTO-STARTUP"
"2026-02-16 07:59:47","""1748946""","""80.71.224.47:4258""","""ip:port""","""botnet_cc""","""win.mirai""","""None""","""Mirai""","""2026-02-15 22:18:13""","""100""","""False""","""https://www.threat.rip/file/6c7649367a17acf545fb19727d6ea20f91efdec75a9669b3e905f0aa689f652f/config""","""BOTNET","GAFGYT"
"2026-02-16 07:59:04","""1749040""","""37.221.66.75:3778""","""ip:port""","""botnet_cc""","""elf.mirai""","""Katana""","""Mirai""","""2026-02-16 02:09:02""","""100""","""False""","""None""","""Mirai""","""0"""
"2026-02-16 07:58:58","""1749057""","""8.162.0.105:10438""","""ip:port""","""botnet_cc""","""win.xworm""","""None""","""XWorm""","""""","""100""","""False""","""https://www.threat.rip/file/db6d35aff407a44e67db118e0a487b332f68462a15542b3de97a0a589a559f7a/config""","""BOOTKIT","DEFENSE_EVASION"
"2026-02-16 07:58:52","""1749068""","""87.106.142.201:61543""","""ip:port""","""botnet_cc""","""win.mirai""","""None""","""Mirai""","""""","""100""","""False""","""https://www.threat.rip/file/0086b623fe36ab4a7b6ef1f8a3bd7d6a88a99a24169ffc1037d8b3399ee05d85/config""","""BOTNET","DEFENSE_EVASION"
"2026-02-16 07:58:52","""1749069""","""87.106.142.201:49376""","""ip:port""","""botnet_cc""","""win.mirai""","""None""","""Mirai""","""""","""100""","""False""","""https://www.threat.rip/file/fa7ce9e3232f1d0b8c990220bc40e65ba4d26a3bceadc648964cbdc15ad3fa06/config""","""BOTNET","DEFENSE_EVASION"
"2026-02-16 07:58:47","""1749108""","""184.170.142.38:5552""","""ip:port""","""botnet_cc""","""win.quasar_rat""","""CinaRAT","QuasarRAT","Yggdrasil""","""Quasar RAT""","""2026-02-17 16:50:50""","""100""","""False""","""https://www.threat.rip/file/23f870a153af40e9c488641612fc16d8a62d24c1269deaa0a3c20a2dfe529c98/config"""
"2026-02-16 07:49:40","""1749165""","""80.97.160.67:443""","""ip:port""","""botnet_cc""","""win.vidar""","""None""","""Vidar""","""""","""100""","""False""","""""","""Vidar""","""0"""
"2026-02-16 07:49:40","""1749166""","""89.167.79.136:443""","""ip:port""","""botnet_cc""","""win.vidar""","""None""","""Vidar""","""""","""100""","""False""","""""","""Vidar""","""0"""
"2026-02-16 07:49:40","""1749167""","""89.167.66.139:443""","""ip:port""","""botnet_cc""","""win.vidar""","""None""","""Vidar""","""""","""100""","""False""","""""","""Vidar""","""0"""
"2026-02-16 07:49:40","""1749168""","""65.21.165.14:443""","""ip:port""","""botnet_cc""","""win.vidar""","""None""","""Vidar""","""""","""100""","""False""","""""","""Vidar""","""0"""
"2026-02-16 07:49:40","""1749169""","""46.62.220.249:443""","""ip:port""","""botnet_cc""","""win.vidar""","""None""","""Vidar""","""""","""100""","""False""","""""","""Vidar""","""0"""
"2026-02-16 07:49:39","""1749164""","""89.167.57.152:443""","""ip:port""","""botnet_cc""","""win.vidar""","""None""","""Vidar""","""""","""100""","""False""","""""","""Vidar""","""0"""
"2026-02-16 07:00:26","""1749155""","""167.88.36.97:7443""","""ip:port""","""botnet_cc""","""unknown""","""None""","""Unknown malware""","""2026-02-18 03:44:45""","""100""","""False""","""https://search.censys.io/hosts/167.88.36.97""","""AS-HOSTINGER","AS47583"
"2026-02-16 07:00:13","""1749154""","""38.60.242.200:31337""","""ip:port""","""botnet_cc""","""win.sliver""","""None""","""Sliver""","""2026-02-18 03:46:46""","""90""","""False""","""https://search.censys.io/hosts/38.60.242.200""","""AS138915","C2"
"2026-02-16 07:00:06","""1749152""","""193.161.193.99:37104""","""ip:port""","""botnet_cc""","""win.asyncrat""","""None""","""AsyncRAT""","""2026-02-17 16:50:57""","""100""","""False""","""https://tria.ge/260216-e5fg1adt5d""","""AsyncRAT""","""0"""
"2026-02-16 07:00:06","""1749153""","""193.161.193.99:8888""","""ip:port""","""botnet_cc""","""win.asyncrat""","""None""","""AsyncRAT""","""2026-02-17 16:50:59""","""100""","""False""","""https://tria.ge/260216-e5fg1adt5d""","""AsyncRAT""","""0"""
"2026-02-16 06:02:50","""1749115""","""170.245.122.76:1177""","""ip:port""","""botnet_cc""","""win.njrat""","""Bladabindi","Lime-Worm""","""NjRAT""","""""","""100""","""False""","""https://tria.ge/260216-brbp4sg12e""","""AS263980"
"2026-02-16 06:01:45","""1749113""","""103.7.60.82:37104""","""ip:port""","""botnet_cc""","""win.asyncrat""","""None""","""AsyncRAT""","""2026-02-17 16:50:58""","""100""","""False""","""https://tria.ge/260216-e5fg1adt5d""","""AS9541","asyncrat"
"2026-02-16 06:01:44","""1749112""","""103.7.60.82:8888""","""ip:port""","""botnet_cc""","""win.asyncrat""","""None""","""AsyncRAT""","""2026-02-17 16:50:57""","""100""","""False""","""https://tria.ge/260216-e5fg1adt5d""","""AS9541","asyncrat"
